<?xml version="1.0" encoding="UTF-8"?>
<definitions xmlns="http://www.omg.org/spec/BPMN/20100524/MODEL" xmlns:xsi="http://www.w3.org/2001/XMLSchema-instance" xmlns:xsd="http://www.w3.org/2001/XMLSchema" xmlns:activiti="http://activiti.org/bpmn" xmlns:bpmndi="http://www.omg.org/spec/BPMN/20100524/DI" xmlns:omgdc="http://www.omg.org/spec/DD/20100524/DC" xmlns:omgdi="http://www.omg.org/spec/DD/20100524/DI" typeLanguage="http://www.w3.org/2001/XMLSchema" expressionLanguage="http://www.w3.org/1999/XPath" targetNamespace="http://www.activiti.org/processdef">
  <process id="jiaban" isExecutable="true">
    <startEvent id="sid-B45DE09B-1F5E-417E-A73D-DD7696AACC36"></startEvent>
    <userTask id="sid-1384A78B-5FB1-408D-B0D8-B4C3F140C83F" name="经理审批" activiti:assignee="$(assignee1)"></userTask>
    <userTask id="sid-B04BFCBC-33F1-4C95-9401-18BD810BAB2E" name="人事审批" activiti:assignee="$(assignee2)"></userTask>
    <endEvent id="sid-43388B17-9CAF-44F7-A87C-29408C82378A"></endEvent>
    <sequenceFlow id="sid-5921ABC4-8178-49D3-B9BF-FC25AF8FE82A" sourceRef="sid-B45DE09B-1F5E-417E-A73D-DD7696AACC36" targetRef="sid-1384A78B-5FB1-408D-B0D8-B4C3F140C83F"></sequenceFlow>
    <sequenceFlow id="sid-A3F73498-B29A-4AA0-864F-E3E1E8697B1B" sourceRef="sid-1384A78B-5FB1-408D-B0D8-B4C3F140C83F" targetRef="sid-B04BFCBC-33F1-4C95-9401-18BD810BAB2E"></sequenceFlow>
    <sequenceFlow id="sid-8FACD8C6-189B-4ED5-BBA6-C1F517C0C727" sourceRef="sid-B04BFCBC-33F1-4C95-9401-18BD810BAB2E" targetRef="sid-43388B17-9CAF-44F7-A87C-29408C82378A"></sequenceFlow>
  </process>
  <bpmndi:BPMNDiagram id="BPMNDiagram_jiaban">
    <bpmndi:BPMNPlane bpmnElement="jiaban" id="BPMNPlane_jiaban">
      <bpmndi:BPMNShape bpmnElement="sid-B45DE09B-1F5E-417E-A73D-DD7696AACC36" id="BPMNShape_sid-B45DE09B-1F5E-417E-A73D-DD7696AACC36">
        <omgdc:Bounds height="30.0" width="30.0" x="105.1666529128953" y="209.99999329447766"></omgdc:Bounds>
      </bpmndi:BPMNShape>
      <bpmndi:BPMNShape bpmnElement="sid-1384A78B-5FB1-408D-B0D8-B4C3F140C83F" id="BPMNShape_sid-1384A78B-5FB1-408D-B0D8-B4C3F140C83F">
        <omgdc:Bounds height="80.00000000000006" width="100.0" x="179.99999463558214" y="184.99998778104833"></omgdc:Bounds>
      </bpmndi:BPMNShape>
      <bpmndi:BPMNShape bpmnElement="sid-B04BFCBC-33F1-4C95-9401-18BD810BAB2E" id="BPMNShape_sid-B04BFCBC-33F1-4C95-9401-18BD810BAB2E">
        <omgdc:Bounds height="80.0" width="100.0" x="359.99997854232885" y="185.99998772144374"></omgdc:Bounds>
      </bpmndi:BPMNShape>
      <bpmndi:BPMNShape bpmnElement="sid-43388B17-9CAF-44F7-A87C-29408C82378A" id="BPMNShape_sid-43388B17-9CAF-44F7-A87C-29408C82378A">
        <omgdc:Bounds height="28.0" width="28.0" x="532.1666402171063" y="211.99999326467534"></omgdc:Bounds>
      </bpmndi:BPMNShape>
      <bpmndi:BPMNEdge bpmnElement="sid-8FACD8C6-189B-4ED5-BBA6-C1F517C0C727" id="BPMNEdge_sid-8FACD8C6-189B-4ED5-BBA6-C1F517C0C727">
        <omgdi:waypoint x="459.99997854232885" y="225.99998975690218"></omgdi:waypoint>
        <omgdi:waypoint x="532.1666402171063" y="225.999992694747"></omgdi:waypoint>
      </bpmndi:BPMNEdge>
      <bpmndi:BPMNEdge bpmnElement="sid-A3F73498-B29A-4AA0-864F-E3E1E8697B1B" id="BPMNEdge_sid-A3F73498-B29A-4AA0-864F-E3E1E8697B1B">
        <omgdi:waypoint x="279.99999463558214" y="225.27776556710455"></omgdi:waypoint>
        <omgdi:waypoint x="359.99997854232885" y="225.72220993538753"></omgdi:waypoint>
      </bpmndi:BPMNEdge>
      <bpmndi:BPMNEdge bpmnElement="sid-5921ABC4-8178-49D3-B9BF-FC25AF8FE82A" id="BPMNEdge_sid-5921ABC4-8178-49D3-B9BF-FC25AF8FE82A">
        <omgdi:waypoint x="135.16665291289527" y="224.99999254150558"></omgdi:waypoint>
        <omgdi:waypoint x="179.99999463558214" y="224.99999029095528"></omgdi:waypoint>
      </bpmndi:BPMNEdge>
    </bpmndi:BPMNPlane>
  </bpmndi:BPMNDiagram>
</definitions>